batch_size,embedding_size,num_heads,num_layers,total_num_parameters,OOM,build_time(ms)
1,512,2,25,216557056.0,no,514.768123626709
2,512,2,25,216557056.0,no,362.5466823577881
3,512,2,25,216557056.0,no,417.644739151001
4,512,2,25,216557056.0,no,350.7273197174072
5,512,2,25,216557056.0,no,428.7235736846924
1,512,2,26,219965952.0,no,349.63011741638184
2,512,2,26,219965952.0,no,407.3047637939453
3,512,2,26,219965952.0,no,347.29647636413574
4,512,2,26,219965952.0,no,345.29781341552734
5,512,2,26,219965952.0,no,417.6630973815918
1,512,2,27,223374848.0,no,346.3575839996338
2,512,2,27,223374848.0,no,411.64255142211914
3,512,2,27,223374848.0,no,346.6787338256836
4,512,2,27,223374848.0,no,405.92217445373535
5,512,2,27,223374848.0,no,346.67038917541504
1,512,2,28,226783744.0,no,344.4240093231201
2,512,2,28,226783744.0,no,411.44847869873047
3,512,2,28,226783744.0,no,344.62451934814453
4,512,2,28,226783744.0,no,413.6853218078613
5,512,2,28,226783744.0,no,345.0503349304199
1,512,2,29,230192640.0,no,409.6870422363281
2,512,2,29,230192640.0,no,348.4959602355957
3,512,2,29,230192640.0,no,344.7606563568115
4,512,2,29,230192640.0,no,410.1979732513428
5,512,2,29,230192640.0,no,344.19918060302734
1,512,2,30,233601536.0,no,416.56970977783203
2,512,2,30,233601536.0,no,345.88003158569336
3,512,2,30,233601536.0,no,418.3633327484131
4,512,2,30,233601536.0,no,347.8879928588867
5,512,2,30,233601536.0,no,347.9468822479248
1,512,2,31,237010432.0,no,415.85612297058105
2,512,2,31,237010432.0,no,348.2658863067627
3,512,2,31,237010432.0,no,416.7759418487549
4,512,2,31,237010432.0,no,347.0299243927002
5,512,2,31,237010432.0,no,422.59931564331055
1,512,2,32,240419328.0,no,350.9528636932373
2,512,2,32,240419328.0,no,415.7755374908447
3,512,2,32,240419328.0,no,349.5221138000488
4,512,2,32,240419328.0,no,349.7493267059326
5,512,2,32,240419328.0,no,415.208101272583
1,768,2,25,373987584.0,no,347.5916385650635
2,768,2,25,373987584.0,no,413.9385223388672
3,768,2,25,373987584.0,no,347.69129753112793
4,768,2,25,373987584.0,no,407.8707695007324
5,768,2,25,373987584.0,no,355.7093143463135
1,768,2,26,381067008.0,no,344.7756767272949
2,768,2,26,381067008.0,no,414.1373634338379
3,768,2,26,381067008.0,no,347.98383712768555
4,768,2,26,381067008.0,no,418.4608459472656
5,768,2,26,381067008.0,no,345.91150283813477
1,768,2,27,388146432.0,no,414.08467292785645
2,768,2,27,388146432.0,no,348.53243827819824
3,768,2,27,388146432.0,no,352.6613712310791
4,768,2,27,388146432.0,no,416.1505699157715
5,768,2,27,388146432.0,no,351.0925769805908
1,768,2,28,395225856.0,no,413.8979911804199
2,768,2,28,395225856.0,no,349.56836700439453
3,768,2,28,395225856.0,no,412.68372535705566
4,768,2,28,395225856.0,no,351.6991138458252
5,768,2,28,395225856.0,no,347.89109230041504
1,768,2,29,402305280.0,no,418.40314865112305
2,768,2,29,402305280.0,no,348.8752841949463
3,768,2,29,402305280.0,no,422.41597175598145
4,768,2,29,402305280.0,no,348.88625144958496
5,768,2,29,402305280.0,no,414.9160385131836
1,768,2,30,409384704.0,no,352.0362377166748
2,768,2,30,409384704.0,no,350.7046699523926
3,768,2,30,409384704.0,no,417.0207977294922
4,768,2,30,409384704.0,no,352.0045280456543
5,768,2,30,409384704.0,no,419.56615447998047
1,768,2,31,416464128.0,no,356.17804527282715
2,768,2,31,416464128.0,no,422.17230796813965
3,768,2,31,416464128.0,no,352.53262519836426
4,768,2,31,416464128.0,no,353.00254821777344
5,768,2,31,416464128.0,no,422.0926761627197
1,768,2,32,423543552.0,no,360.182523727417
2,768,2,32,423543552.0,no,430.7889938354492
3,768,2,32,423543552.0,no,371.8414306640625
4,768,2,32,423543552.0,no,453.0487060546875
5,768,2,32,423543552.0,no,374.0115165710449
1,1024,2,25,583846912.0,no,441.65682792663574
2,1024,2,25,583846912.0,no,370.01657485961914
3,1024,2,25,583846912.0,no,366.15991592407227
4,1024,2,25,583846912.0,no,430.5305480957031
5,1024,2,25,583846912.0,no,361.76538467407227
1,1024,2,26,596694016.0,no,427.68120765686035
2,1024,2,26,596694016.0,no,358.1359386444092
3,1024,2,26,596694016.0,no,428.21574211120605
4,1024,2,26,596694016.0,no,406.86798095703125
5,1024,2,26,596694016.0,no,377.52485275268555
1,1024,2,27,609541120.0,no,453.56011390686035
2,1024,2,27,609541120.0,no,361.81187629699707
3,1024,2,27,609541120.0,no,421.9193458557129
4,1024,2,27,609541120.0,no,354.7215461730957
5,1024,2,27,609541120.0,no,419.33131217956543
1,1024,2,28,622388224.0,no,354.39562797546387
2,1024,2,28,622388224.0,no,356.9455146789551
3,1024,2,28,622388224.0,no,420.1469421386719
4,1024,2,28,622388224.0,no,354.41112518310547
5,1024,2,28,622388224.0,no,419.6515083312988
1,1024,2,29,635235328.0,no,354.8915386199951
2,1024,2,29,635235328.0,no,414.72721099853516
3,1024,2,29,635235328.0,no,365.891695022583
4,1024,2,29,635235328.0,no,373.03614616394043
5,1024,2,29,635235328.0,no,424.0715503692627
1,1024,2,30,648082432.0,no,359.03429985046387
2,1024,2,30,648082432.0,no,447.7348327636719
3,1024,2,30,648082432.0,no,355.9603691101074
4,1024,2,30,648082432.0,no,433.117151260376
5,1024,2,30,648082432.0,no,358.870267868042
1,1024,2,31,660929536.0,no,353.208065032959
2,1024,2,31,660929536.0,no,419.9063777923584
3,1024,2,31,660929536.0,no,355.56530952453613
4,1024,2,31,660929536.0,no,454.2431831359863
5,1024,2,31,660929536.0,no,403.15866470336914
1,1024,2,32,673776640.0,no,432.2841167449951
2,1024,2,32,673776640.0,no,408.7338447570801
3,1024,2,32,673776640.0,no,443.50504875183105
4,1024,2,32,673776640.0,no,371.4003562927246
5,1024,2,32,673776640.0,no,397.25255966186523
1,1536,2,25,1101869568.0,no,463.85645866394043
2,1536,2,25,1101869568.0,no,353.3923625946045
3,1536,2,25,1101869568.0,no,424.21722412109375
4,1536,2,25,1101869568.0,no,354.3703556060791
5,1536,2,25,1101869568.0,no,422.9860305786133
1,1536,2,26,1130184192.0,no,354.3851375579834
2,1536,2,26,1130184192.0,no,408.4947109222412
3,1536,2,26,1130184192.0,no,427.3242950439453
4,1536,2,26,1130184192.0,no,359.70234870910645
5,1536,2,26,1130184192.0,no,436.91062927246094
1,1536,2,27,1158498816.0,no,357.3412895202637
2,1536,2,27,1158498816.0,no,435.19067764282227
3,1536,2,27,1158498816.0,no,358.43515396118164
4,1536,2,27,1158498816.0,no,354.3369770050049
5,1536,2,27,1158498816.0,no,423.71606826782227
1,1536,2,28,1186813440.0,no,352.1280288696289
2,1536,2,28,1186813440.0,no,423.88916015625
3,1536,2,28,1186813440.0,no,357.93209075927734
4,1536,2,28,1186813440.0,no,418.3995723724365
5,1536,2,28,1186813440.0,no,354.7844886779785
1,1536,2,29,1215128064.0,no,351.3505458831787
2,1536,2,29,1215128064.0,no,435.1637363433838
3,1536,2,29,1215128064.0,no,359.11059379577637
4,1536,2,29,1215128064.0,no,420.75347900390625
5,1536,2,29,1215128064.0,no,349.5173454284668
1,1536,2,30,1243442688.0,no,433.1085681915283
2,1536,2,30,1243442688.0,no,355.09276390075684
3,1536,2,30,1243442688.0,no,354.65312004089355
4,1536,2,30,1243442688.0,no,420.25065422058105
5,1536,2,30,1243442688.0,no,353.6536693572998
1,1536,2,31,1271757312.0,no,424.6342182159424
2,1536,2,31,1271757312.0,no,355.1304340362549
3,1536,2,31,1271757312.0,no,426.38278007507324
4,1536,2,31,1271757312.0,no,355.53574562072754
5,1536,2,31,1271757312.0,no,431.1485290527344
1,1536,2,32,1300071936.0,no,365.2987480163574
2,1536,2,32,1300071936.0,no,361.255407333374
3,1536,2,32,1300071936.0,no,435.0438117980957
4,1536,2,32,1300071936.0,no,361.4811897277832
5,1536,2,32,1300071936.0,no,427.54197120666504
1,2048,2,25,1809946624.0,no,375.9946823120117
2,2048,2,25,1809946624.0,no,442.25215911865234
3,2048,2,25,1809946624.0,no,367.07520484924316
4,2048,2,25,1809946624.0,no,352.28919982910156
5,2048,2,25,1809946624.0,no,426.607608795166
1,2048,2,26,1861330944.0,no,360.57519912719727
2,2048,2,26,1861330944.0,no,433.54296684265137
3,2048,2,26,1861330944.0,no,359.84349250793457
4,2048,2,26,1861330944.0,no,423.8111972808838
5,2048,2,26,1861330944.0,no,358.473539352417
1,2048,2,27,1912715264.0,no,358.90674591064453
2,2048,2,27,1912715264.0,no,429.668664932251
3,2048,2,27,1912715264.0,no,361.9053363800049
4,2048,2,27,1912715264.0,no,520.7829475402832
5,2048,2,27,1912715264.0,no,394.773006439209
1,2048,2,28,1964099584.0,no,458.52136611938477
2,2048,2,28,1964099584.0,no,366.1794662475586
3,2048,2,28,1964099584.0,no,374.190092086792
4,2048,2,28,1964099584.0,no,467.5741195678711
5,2048,2,28,1964099584.0,no,375.5683898925781
1,2048,2,29,2015483904.0,no,456.1634063720703
2,2048,2,29,2015483904.0,no,421.05841636657715
3,2048,2,29,2015483904.0,no,436.24162673950195
4,2048,2,29,2015483904.0,no,377.44617462158203
5,2048,2,29,2015483904.0,no,368.3638572692871
1,2048,2,30,2066868224.0,no,429.1088581085205
2,2048,2,30,2066868224.0,no,390.87867736816406
3,2048,2,30,2066868224.0,no,457.5304985046387
4,2048,2,30,2066868224.0,no,388.9789581298828
5,2048,2,30,2066868224.0,no,445.56379318237305
1,2048,2,31,2118252544.0,no,370.59879302978516
2,2048,2,31,2118252544.0,no,358.257532119751
3,2048,2,31,2118252544.0,no,455.07121086120605
4,2048,2,31,2118252544.0,no,359.2550754547119
5,2048,2,31,2118252544.0,no,426.9266128540039
1,2048,2,32,2169636864.0,no,359.4696521759033
2,2048,2,32,2169636864.0,no,486.4153861999512
3,2048,2,32,2169636864.0,no,373.65102767944336
4,2048,2,32,2169636864.0,no,446.1047649383545
5,2048,2,32,2169636864.0,no,373.80480766296387
1,4096,2,25,6110261248.0,no,380.69629669189453
2,4096,2,25,,yes,
3,4096,2,25,,yes,
4,4096,2,25,,yes,
5,4096,2,25,,yes,
1,4096,2,26,,yes,
2,4096,2,26,,yes,
3,4096,2,26,,yes,
4,4096,2,26,,yes,
5,4096,2,26,,yes,
1,4096,2,27,,yes,
2,4096,2,27,,yes,
3,4096,2,27,,yes,
4,4096,2,27,,yes,
5,4096,2,27,,yes,
1,4096,2,28,,yes,
2,4096,2,28,,yes,
3,4096,2,28,,yes,
4,4096,2,28,,yes,
5,4096,2,28,,yes,
1,4096,2,29,,yes,
2,4096,2,29,,yes,
3,4096,2,29,,yes,
4,4096,2,29,,yes,
5,4096,2,29,,yes,
1,4096,2,30,,yes,
2,4096,2,30,,yes,
3,4096,2,30,,yes,
4,4096,2,30,,yes,
5,4096,2,30,,yes,
1,4096,2,31,,yes,
2,4096,2,31,,yes,
3,4096,2,31,,yes,
4,4096,2,31,,yes,
5,4096,2,31,,yes,
1,4096,2,32,,yes,
2,4096,2,32,,yes,
3,4096,2,32,,yes,
4,4096,2,32,,yes,
5,4096,2,32,,yes,
1,512,4,25,216557056.0,no,528.8290977478027
2,512,4,25,216557056.0,no,372.1134662628174
3,512,4,25,216557056.0,no,439.6536350250244
4,512,4,25,216557056.0,no,363.18278312683105
5,512,4,25,216557056.0,no,364.40253257751465
1,512,4,26,219965952.0,no,484.3282699584961
2,512,4,26,219965952.0,no,369.6608543395996
3,512,4,26,219965952.0,no,452.789306640625
4,512,4,26,219965952.0,no,376.65653228759766
5,512,4,26,219965952.0,no,429.38971519470215
1,512,4,27,223374848.0,no,359.1272830963135
2,512,4,27,223374848.0,no,369.81868743896484
3,512,4,27,223374848.0,no,447.32165336608887
4,512,4,27,223374848.0,no,381.18648529052734
5,512,4,27,223374848.0,no,446.90585136413574
1,512,4,28,226783744.0,no,368.5462474822998
2,512,4,28,226783744.0,no,437.1500015258789
3,512,4,28,226783744.0,no,363.71326446533203
4,512,4,28,226783744.0,no,361.59801483154297
5,512,4,28,226783744.0,no,433.4859848022461
1,512,4,29,230192640.0,no,385.01977920532227
2,512,4,29,230192640.0,no,461.026668548584
3,512,4,29,230192640.0,no,394.5732116699219
4,512,4,29,230192640.0,no,455.80029487609863
5,512,4,29,230192640.0,no,360.31508445739746
1,512,4,30,233601536.0,no,369.69757080078125
2,512,4,30,233601536.0,no,442.8131580352783
3,512,4,30,233601536.0,no,366.4402961730957
4,512,4,30,233601536.0,no,435.0266456604004
5,512,4,30,233601536.0,no,360.9962463378906
1,512,4,31,237010432.0,no,432.1410655975342
2,512,4,31,237010432.0,no,375.6897449493408
3,512,4,31,237010432.0,no,429.36253547668457
4,512,4,31,237010432.0,no,362.9021644592285
5,512,4,31,237010432.0,no,361.21344566345215
1,512,4,32,240419328.0,no,430.126428604126
2,512,4,32,240419328.0,no,362.152099609375
3,512,4,32,240419328.0,no,434.4828128814697
4,512,4,32,240419328.0,no,379.1828155517578
5,512,4,32,240419328.0,no,449.3541717529297
1,768,4,25,373987584.0,no,357.55205154418945
2,768,4,25,373987584.0,no,356.781005859375
3,768,4,25,373987584.0,no,459.00797843933105
4,768,4,25,373987584.0,no,358.87932777404785
5,768,4,25,373987584.0,no,441.69139862060547
1,768,4,26,381067008.0,no,373.68202209472656
2,768,4,26,381067008.0,no,435.5003833770752
3,768,4,26,381067008.0,no,361.1152172088623
4,768,4,26,381067008.0,no,375.96893310546875
5,768,4,26,381067008.0,no,425.45509338378906
1,768,4,27,388146432.0,no,376.4359951019287
2,768,4,27,388146432.0,no,430.8793544769287
3,768,4,27,388146432.0,no,365.80443382263184
4,768,4,27,388146432.0,no,434.99755859375
5,768,4,27,388146432.0,no,392.5440311431885
1,768,4,28,395225856.0,no,388.6580467224121
2,768,4,28,395225856.0,no,455.35778999328613
3,768,4,28,395225856.0,no,376.2698173522949
4,768,4,28,395225856.0,no,430.73344230651855
5,768,4,28,395225856.0,no,368.95084381103516
1,768,4,29,402305280.0,no,430.42540550231934
2,768,4,29,402305280.0,no,364.6352291107178
3,768,4,29,402305280.0,no,470.7062244415283
4,768,4,29,402305280.0,no,462.2774124145508
5,768,4,29,402305280.0,no,395.7967758178711
1,768,4,30,409384704.0,no,434.3373775482178
2,768,4,30,409384704.0,no,357.0740222930908
3,768,4,30,409384704.0,no,438.67039680480957
4,768,4,30,409384704.0,no,364.4082546234131
5,768,4,30,409384704.0,no,432.15203285217285
1,768,4,31,416464128.0,no,367.7823543548584
2,768,4,31,416464128.0,no,365.053653717041
3,768,4,31,416464128.0,no,445.21236419677734
4,768,4,31,416464128.0,no,365.1609420776367
5,768,4,31,416464128.0,no,435.35757064819336
1,768,4,32,423543552.0,no,368.61467361450195
2,768,4,32,423543552.0,no,438.2309913635254
3,768,4,32,423543552.0,no,365.98682403564453
4,768,4,32,423543552.0,no,365.602970123291
5,768,4,32,423543552.0,no,450.78492164611816
1,1024,4,25,583846912.0,no,359.0350151062012
2,1024,4,25,583846912.0,no,429.49414253234863
3,1024,4,25,583846912.0,no,360.13293266296387
4,1024,4,25,583846912.0,no,451.2300491333008
5,1024,4,25,583846912.0,no,373.7809658050537
1,1024,4,26,596694016.0,no,358.78753662109375
2,1024,4,26,596694016.0,no,428.358793258667
3,1024,4,26,596694016.0,no,360.7907295227051
4,1024,4,26,596694016.0,no,429.57234382629395
5,1024,4,26,596694016.0,no,361.45567893981934
1,1024,4,27,609541120.0,no,430.91320991516113
2,1024,4,27,609541120.0,no,363.80815505981445
3,1024,4,27,609541120.0,no,361.79065704345703
4,1024,4,27,609541120.0,no,429.2938709259033
5,1024,4,27,609541120.0,no,359.0233325958252
1,1024,4,28,622388224.0,no,434.65113639831543
2,1024,4,28,622388224.0,no,362.6105785369873
3,1024,4,28,622388224.0,no,431.83326721191406
4,1024,4,28,622388224.0,no,361.4611625671387
5,1024,4,28,622388224.0,no,361.71650886535645
1,1024,4,29,635235328.0,no,428.4391403198242
2,1024,4,29,635235328.0,no,367.6567077636719
3,1024,4,29,635235328.0,no,456.1190605163574
4,1024,4,29,635235328.0,no,376.3134479522705
5,1024,4,29,635235328.0,no,442.1415328979492
1,1024,4,30,648082432.0,no,365.9803867340088
2,1024,4,30,648082432.0,no,359.4961166381836
3,1024,4,30,648082432.0,no,426.9587993621826
4,1024,4,30,648082432.0,no,363.74497413635254
5,1024,4,30,648082432.0,no,432.39355087280273
1,1024,4,31,660929536.0,no,366.4383888244629
2,1024,4,31,660929536.0,no,443.28951835632324
3,1024,4,31,660929536.0,no,385.52260398864746
4,1024,4,31,660929536.0,no,452.9297351837158
5,1024,4,31,660929536.0,no,417.97614097595215
1,1024,4,32,673776640.0,no,388.51404190063477
2,1024,4,32,673776640.0,no,471.3172912597656
3,1024,4,32,673776640.0,no,385.42866706848145
4,1024,4,32,673776640.0,no,470.4699516296387
5,1024,4,32,673776640.0,no,410.2439880371094
1,1536,4,25,1101869568.0,no,457.8711986541748
2,1536,4,25,1101869568.0,no,369.26865577697754
3,1536,4,25,1101869568.0,no,359.1477870941162
4,1536,4,25,1101869568.0,no,432.34705924987793
5,1536,4,25,1101869568.0,no,360.02159118652344
1,1536,4,26,1130184192.0,no,431.1234951019287
2,1536,4,26,1130184192.0,no,373.98219108581543
3,1536,4,26,1130184192.0,no,458.65464210510254
4,1536,4,26,1130184192.0,no,369.3685531616211
5,1536,4,26,1130184192.0,no,366.46032333374023
1,1536,4,27,1158498816.0,no,439.97859954833984
2,1536,4,27,1158498816.0,no,370.3138828277588
3,1536,4,27,1158498816.0,no,443.96519660949707
4,1536,4,27,1158498816.0,no,370.8205223083496
5,1536,4,27,1158498816.0,no,440.2637481689453
1,1536,4,28,1186813440.0,no,367.7020072937012
2,1536,4,28,1186813440.0,no,370.495080947876
3,1536,4,28,1186813440.0,no,442.9183006286621
4,1536,4,28,1186813440.0,no,364.4068241119385
5,1536,4,28,1186813440.0,no,438.2586479187012
1,1536,4,29,1215128064.0,no,372.44176864624023
2,1536,4,29,1215128064.0,no,439.2843246459961
3,1536,4,29,1215128064.0,no,371.98352813720703
4,1536,4,29,1215128064.0,no,367.2301769256592
5,1536,4,29,1215128064.0,no,448.03857803344727
1,1536,4,30,1243442688.0,no,380.8262348175049
2,1536,4,30,1243442688.0,no,450.67286491394043
3,1536,4,30,1243442688.0,no,382.9309940338135
4,1536,4,30,1243442688.0,no,441.2963390350342
5,1536,4,30,1243442688.0,no,372.5781440734863
1,1536,4,31,1271757312.0,no,432.45577812194824
2,1536,4,31,1271757312.0,no,370.73779106140137
3,1536,4,31,1271757312.0,no,367.2516345977783
4,1536,4,31,1271757312.0,no,438.5871887207031
5,1536,4,31,1271757312.0,no,368.49403381347656
1,1536,4,32,1300071936.0,no,439.8918151855469
2,1536,4,32,1300071936.0,no,370.6045150756836
3,1536,4,32,1300071936.0,no,437.5498294830322
4,1536,4,32,1300071936.0,no,368.4530258178711
5,1536,4,32,1300071936.0,no,371.7372417449951
1,2048,4,25,1809946624.0,no,433.97045135498047
2,2048,4,25,1809946624.0,no,367.34676361083984
3,2048,4,25,1809946624.0,no,432.2781562805176
4,2048,4,25,1809946624.0,no,363.8160228729248
5,2048,4,25,1809946624.0,no,433.5894584655762
1,2048,4,26,1861330944.0,no,367.88368225097656
2,2048,4,26,1861330944.0,no,362.9298210144043
3,2048,4,26,1861330944.0,no,431.8199157714844
4,2048,4,26,1861330944.0,no,363.1176948547363
5,2048,4,26,1861330944.0,no,431.3535690307617
1,2048,4,27,1912715264.0,no,366.11413955688477
2,2048,4,27,1912715264.0,no,436.3839626312256
3,2048,4,27,1912715264.0,no,364.01987075805664
4,2048,4,27,1912715264.0,no,368.08061599731445
5,2048,4,27,1912715264.0,no,431.2732219696045
1,2048,4,28,1964099584.0,no,365.3526306152344
2,2048,4,28,1964099584.0,no,435.3029727935791
3,2048,4,28,1964099584.0,no,365.3988838195801
4,2048,4,28,1964099584.0,no,437.32237815856934
5,2048,4,28,1964099584.0,no,369.71116065979004
1,2048,4,29,2015483904.0,no,368.3326244354248
2,2048,4,29,2015483904.0,no,436.72800064086914
3,2048,4,29,2015483904.0,no,367.9239749908447
4,2048,4,29,2015483904.0,no,437.1912479400635
5,2048,4,29,2015483904.0,no,366.20569229125977
1,2048,4,30,2066868224.0,no,439.4867420196533
2,2048,4,30,2066868224.0,no,372.94816970825195
3,2048,4,30,2066868224.0,no,434.7231388092041
4,2048,4,30,2066868224.0,no,372.9739189147949
5,2048,4,30,2066868224.0,no,370.2383041381836
1,2048,4,31,2118252544.0,no,439.5461082458496
2,2048,4,31,2118252544.0,no,370.24664878845215
3,2048,4,31,2118252544.0,no,443.7832832336426
4,2048,4,31,2118252544.0,no,366.6808605194092
5,2048,4,31,2118252544.0,no,437.99853324890137
1,2048,4,32,2169636864.0,no,373.0738162994385
2,2048,4,32,2169636864.0,no,370.58448791503906
3,2048,4,32,2169636864.0,no,436.4633560180664
4,2048,4,32,2169636864.0,no,366.3175106048584
5,2048,4,32,2169636864.0,no,461.7276191711426
1,4096,4,25,6110261248.0,no,375.5664825439453
2,4096,4,25,,yes,
3,4096,4,25,,yes,
4,4096,4,25,,yes,
5,4096,4,25,,yes,
1,4096,4,26,,yes,
2,4096,4,26,,yes,
3,4096,4,26,,yes,
4,4096,4,26,,yes,
5,4096,4,26,,yes,
1,4096,4,27,,yes,
2,4096,4,27,,yes,
3,4096,4,27,,yes,
4,4096,4,27,,yes,
5,4096,4,27,,yes,
1,4096,4,28,,yes,
2,4096,4,28,,yes,
3,4096,4,28,,yes,
4,4096,4,28,,yes,
5,4096,4,28,,yes,
1,4096,4,29,,yes,
2,4096,4,29,,yes,
3,4096,4,29,,yes,
4,4096,4,29,,yes,
5,4096,4,29,,yes,
1,4096,4,30,,yes,
2,4096,4,30,,yes,
3,4096,4,30,,yes,
4,4096,4,30,,yes,
5,4096,4,30,,yes,
1,4096,4,31,,yes,
2,4096,4,31,,yes,
3,4096,4,31,,yes,
4,4096,4,31,,yes,
5,4096,4,31,,yes,
1,4096,4,32,,yes,
2,4096,4,32,,yes,
3,4096,4,32,,yes,
4,4096,4,32,,yes,
5,4096,4,32,,yes,
1,768,6,25,373987584.0,no,433.8548183441162
2,768,6,25,373987584.0,no,369.64893341064453
3,768,6,25,373987584.0,no,366.0397529602051
4,768,6,25,373987584.0,no,434.93127822875977
5,768,6,25,373987584.0,no,364.18843269348145
1,768,6,26,381067008.0,no,437.6721382141113
2,768,6,26,381067008.0,no,367.95854568481445
3,768,6,26,381067008.0,no,369.8439598083496
4,768,6,26,381067008.0,no,444.0600872039795
5,768,6,26,381067008.0,no,381.26301765441895
1,768,6,27,388146432.0,no,446.7170238494873
2,768,6,27,388146432.0,no,373.0919361114502
3,768,6,27,388146432.0,no,437.02125549316406
4,768,6,27,388146432.0,no,362.37263679504395
5,768,6,27,388146432.0,no,369.20666694641113
1,768,6,28,395225856.0,no,433.38704109191895
2,768,6,28,395225856.0,no,370.5720901489258
3,768,6,28,395225856.0,no,435.6386661529541
4,768,6,28,395225856.0,no,372.25842475891113
5,768,6,28,395225856.0,no,444.01025772094727
1,768,6,29,402305280.0,no,373.76928329467773
2,768,6,29,402305280.0,no,436.2945556640625
3,768,6,29,402305280.0,no,370.9690570831299
4,768,6,29,402305280.0,no,378.15117835998535
5,768,6,29,402305280.0,no,438.86709213256836
1,768,6,30,409384704.0,no,369.51518058776855
2,768,6,30,409384704.0,no,435.87708473205566
3,768,6,30,409384704.0,no,378.5092830657959
4,768,6,30,409384704.0,no,437.685489654541
5,768,6,30,409384704.0,no,386.9786262512207
1,768,6,31,416464128.0,no,371.2148666381836
2,768,6,31,416464128.0,no,436.8715286254883
3,768,6,31,416464128.0,no,375.92291831970215
4,768,6,31,416464128.0,no,456.69007301330566
5,768,6,31,416464128.0,no,379.9407482147217
1,768,6,32,423543552.0,no,462.38040924072266
2,768,6,32,423543552.0,no,391.69859886169434
3,768,6,32,423543552.0,no,447.9663372039795
4,768,6,32,423543552.0,no,379.21619415283203
5,768,6,32,423543552.0,no,379.2834281921387
1,1536,6,25,1101869568.0,no,440.0813579559326
2,1536,6,25,1101869568.0,no,368.0591583251953
3,1536,6,25,1101869568.0,no,449.8934745788574
4,1536,6,25,1101869568.0,no,374.4063377380371
5,1536,6,25,1101869568.0,no,391.21413230895996
1,1536,6,26,1130184192.0,no,441.7450428009033
2,1536,6,26,1130184192.0,no,392.40074157714844
3,1536,6,26,1130184192.0,no,465.8474922180176
4,1536,6,26,1130184192.0,no,399.7514247894287
5,1536,6,26,1130184192.0,no,461.6384506225586
1,1536,6,27,1158498816.0,no,379.6200752258301
2,1536,6,27,1158498816.0,no,423.99001121520996
3,1536,6,27,1158498816.0,no,475.6317138671875
4,1536,6,27,1158498816.0,no,390.4244899749756
5,1536,6,27,1158498816.0,no,454.7991752624512
1,1536,6,28,1186813440.0,no,382.71212577819824
2,1536,6,28,1186813440.0,no,490.8595085144043
3,1536,6,28,1186813440.0,no,390.6984329223633
4,1536,6,28,1186813440.0,no,381.2294006347656
5,1536,6,28,1186813440.0,no,467.88597106933594
1,1536,6,29,1215128064.0,no,384.8569393157959
2,1536,6,29,1215128064.0,no,475.01373291015625
3,1536,6,29,1215128064.0,no,393.0678367614746
4,1536,6,29,1215128064.0,no,449.7942924499512
5,1536,6,29,1215128064.0,no,378.7369728088379
1,1536,6,30,1243442688.0,no,497.1508979797363
2,1536,6,30,1243442688.0,no,407.81617164611816
3,1536,6,30,1243442688.0,no,387.728214263916
4,1536,6,30,1243442688.0,no,445.2791213989258
5,1536,6,30,1243442688.0,no,401.625394821167
1,1536,6,31,1271757312.0,no,497.78079986572266
2,1536,6,31,1271757312.0,no,379.0299892425537
3,1536,6,31,1271757312.0,no,451.72119140625
4,1536,6,31,1271757312.0,no,383.5296630859375
5,1536,6,31,1271757312.0,no,405.1554203033447
1,1536,6,32,1300071936.0,no,452.2218704223633
2,1536,6,32,1300071936.0,no,378.27038764953613
3,1536,6,32,1300071936.0,no,454.8656940460205
4,1536,6,32,1300071936.0,no,386.3694667816162
5,1536,6,32,1300071936.0,no,447.6971626281738
1,512,8,25,216557056.0,no,499.6762275695801
2,512,8,25,216557056.0,no,449.5692253112793
3,512,8,25,216557056.0,no,382.0300102233887
4,512,8,25,216557056.0,no,383.76903533935547
5,512,8,25,216557056.0,no,448.5945701599121
1,512,8,26,219965952.0,no,382.95960426330566
2,512,8,26,219965952.0,no,448.96793365478516
3,512,8,26,219965952.0,no,377.7310848236084
4,512,8,26,219965952.0,no,445.1887607574463
5,512,8,26,219965952.0,no,376.8157958984375
1,512,8,27,223374848.0,no,374.011754989624
2,512,8,27,223374848.0,no,437.2532367706299
3,512,8,27,223374848.0,no,370.5170154571533
4,512,8,27,223374848.0,no,440.5391216278076
5,512,8,27,223374848.0,no,373.81935119628906
1,512,8,28,226783744.0,no,437.9301071166992
2,512,8,28,226783744.0,no,374.0870952606201
3,512,8,28,226783744.0,no,372.1346855163574
4,512,8,28,226783744.0,no,443.9678192138672
5,512,8,28,226783744.0,no,373.28505516052246
1,512,8,29,230192640.0,no,450.5047798156738
2,512,8,29,230192640.0,no,382.4014663696289
3,512,8,29,230192640.0,no,470.8850383758545
4,512,8,29,230192640.0,no,382.1580410003662
5,512,8,29,230192640.0,no,380.3517818450928
1,512,8,30,233601536.0,no,450.50644874572754
2,512,8,30,233601536.0,no,376.9383430480957
3,512,8,30,233601536.0,no,445.6148147583008
4,512,8,30,233601536.0,no,372.6389408111572
5,512,8,30,233601536.0,no,447.04174995422363
1,512,8,31,237010432.0,no,383.3322525024414
2,512,8,31,237010432.0,no,381.5929889678955
3,512,8,31,237010432.0,no,452.6703357696533
4,512,8,31,237010432.0,no,380.83338737487793
5,512,8,31,237010432.0,no,455.2290439605713
1,512,8,32,240419328.0,no,383.06522369384766
2,512,8,32,240419328.0,no,449.51939582824707
3,512,8,32,240419328.0,no,383.1307888031006
4,512,8,32,240419328.0,no,451.0917663574219
5,512,8,32,240419328.0,no,392.16089248657227
1,768,8,25,373987584.0,no,374.24492835998535
2,768,8,25,373987584.0,no,438.3714199066162
3,768,8,25,373987584.0,no,369.85182762145996
4,768,8,25,373987584.0,no,442.5978660583496
5,768,8,25,373987584.0,no,381.5619945526123
1,768,8,26,381067008.0,no,444.0791606903076
2,768,8,26,381067008.0,no,381.45923614501953
3,768,8,26,381067008.0,no,375.5345344543457
4,768,8,26,381067008.0,no,435.40287017822266
5,768,8,26,381067008.0,no,384.94133949279785
1,768,8,27,388146432.0,no,448.9405155181885
2,768,8,27,388146432.0,no,380.3973197937012
3,768,8,27,388146432.0,no,443.45855712890625
4,768,8,27,388146432.0,no,374.7265338897705
5,768,8,27,388146432.0,no,385.9274387359619
1,768,8,28,395225856.0,no,455.4917812347412
2,768,8,28,395225856.0,no,383.03518295288086
3,768,8,28,395225856.0,no,452.7602195739746
4,768,8,28,395225856.0,no,384.60302352905273
5,768,8,28,395225856.0,no,445.04714012145996
1,768,8,29,402305280.0,no,377.92038917541504
2,768,8,29,402305280.0,no,381.1061382293701
3,768,8,29,402305280.0,no,448.32324981689453
4,768,8,29,402305280.0,no,380.57756423950195
5,768,8,29,402305280.0,no,451.2438774108887
1,768,8,30,409384704.0,no,375.0631809234619
2,768,8,30,409384704.0,no,447.40915298461914
3,768,8,30,409384704.0,no,383.6181163787842
4,768,8,30,409384704.0,no,373.08526039123535
5,768,8,30,409384704.0,no,445.8324909210205
1,768,8,31,416464128.0,no,385.20216941833496
2,768,8,31,416464128.0,no,456.69031143188477
3,768,8,31,416464128.0,no,374.7251033782959
4,768,8,31,416464128.0,no,456.47644996643066
5,768,8,31,416464128.0,no,386.4858150482178
1,768,8,32,423543552.0,no,379.6110153198242
2,768,8,32,423543552.0,no,441.7233467102051
3,768,8,32,423543552.0,no,372.0283508300781
4,768,8,32,423543552.0,no,441.2269592285156
5,768,8,32,423543552.0,no,392.43602752685547
1,1024,8,25,583846912.0,no,442.51227378845215
2,1024,8,25,583846912.0,no,373.6245632171631
3,1024,8,25,583846912.0,no,455.22189140319824
4,1024,8,25,583846912.0,no,405.83086013793945
5,1024,8,25,583846912.0,no,375.4546642303467
1,1024,8,26,596694016.0,no,451.43675804138184
2,1024,8,26,596694016.0,no,373.96693229675293
3,1024,8,26,596694016.0,no,445.76478004455566
4,1024,8,26,596694016.0,no,381.68883323669434
5,1024,8,26,596694016.0,no,449.13339614868164
1,1024,8,27,609541120.0,no,380.04493713378906
2,1024,8,27,609541120.0,no,379.4848918914795
3,1024,8,27,609541120.0,no,440.42491912841797
4,1024,8,27,609541120.0,no,382.2898864746094
5,1024,8,27,609541120.0,no,449.60951805114746
1,1024,8,28,622388224.0,no,386.24095916748047
2,1024,8,28,622388224.0,no,450.52576065063477
3,1024,8,28,622388224.0,no,380.25879859924316
4,1024,8,28,622388224.0,no,377.32625007629395
5,1024,8,28,622388224.0,no,443.523645401001
1,1024,8,29,635235328.0,no,375.6060600280762
2,1024,8,29,635235328.0,no,457.95226097106934
3,1024,8,29,635235328.0,no,383.33582878112793
4,1024,8,29,635235328.0,no,450.2146244049072
5,1024,8,29,635235328.0,no,380.0814151763916
1,1024,8,30,648082432.0,no,374.27830696105957
2,1024,8,30,648082432.0,no,456.1929702758789
3,1024,8,30,648082432.0,no,429.12769317626953
4,1024,8,30,648082432.0,no,452.3284435272217
5,1024,8,30,648082432.0,no,379.0478706359863
1,1024,8,31,660929536.0,no,487.84422874450684
2,1024,8,31,660929536.0,no,388.5188102722168
3,1024,8,31,660929536.0,no,383.50939750671387
4,1024,8,31,660929536.0,no,447.70097732543945
5,1024,8,31,660929536.0,no,387.744665145874
1,1024,8,32,673776640.0,no,450.455904006958
2,1024,8,32,673776640.0,no,385.8206272125244
3,1024,8,32,673776640.0,no,446.76804542541504
4,1024,8,32,673776640.0,no,375.7214546203613
5,1024,8,32,673776640.0,no,440.9973621368408
1,1536,8,25,1101869568.0,no,379.70733642578125
2,1536,8,25,1101869568.0,no,372.41196632385254
3,1536,8,25,1101869568.0,no,468.461275100708
4,1536,8,25,1101869568.0,no,376.5256404876709
5,1536,8,25,1101869568.0,no,444.02217864990234
1,1536,8,26,1130184192.0,no,379.544734954834
2,1536,8,26,1130184192.0,no,440.2484893798828
3,1536,8,26,1130184192.0,no,378.3233165740967
4,1536,8,26,1130184192.0,no,375.26988983154297
5,1536,8,26,1130184192.0,no,446.8669891357422
1,1536,8,27,1158498816.0,no,374.79257583618164
2,1536,8,27,1158498816.0,no,449.3680000305176
3,1536,8,27,1158498816.0,no,375.97036361694336
4,1536,8,27,1158498816.0,no,443.0122375488281
5,1536,8,27,1158498816.0,no,379.3928623199463
1,1536,8,28,1186813440.0,no,381.33835792541504
2,1536,8,28,1186813440.0,no,444.54431533813477
3,1536,8,28,1186813440.0,no,380.91278076171875
4,1536,8,28,1186813440.0,no,447.60990142822266
5,1536,8,28,1186813440.0,no,378.6349296569824
1,1536,8,29,1215128064.0,no,465.06714820861816
2,1536,8,29,1215128064.0,no,415.65513610839844
3,1536,8,29,1215128064.0,no,399.151086807251
4,1536,8,29,1215128064.0,no,448.9245414733887
5,1536,8,29,1215128064.0,no,398.75316619873047
1,1536,8,30,1243442688.0,no,476.52339935302734
2,1536,8,30,1243442688.0,no,443.4936046600342
3,1536,8,30,1243442688.0,no,529.6180248260498
4,1536,8,30,1243442688.0,no,407.4971675872803
5,1536,8,30,1243442688.0,no,390.65098762512207
1,1536,8,31,1271757312.0,no,452.3775577545166
2,1536,8,31,1271757312.0,no,380.36060333251953
3,1536,8,31,1271757312.0,no,447.97801971435547
4,1536,8,31,1271757312.0,no,378.48782539367676
5,1536,8,31,1271757312.0,no,464.40815925598145
1,1536,8,32,1300071936.0,no,387.76493072509766
2,1536,8,32,1300071936.0,no,452.56924629211426
3,1536,8,32,1300071936.0,no,382.6794624328613
4,1536,8,32,1300071936.0,no,380.48410415649414
5,1536,8,32,1300071936.0,no,486.02867126464844
1,2048,8,25,1809946624.0,no,373.9936351776123
2,2048,8,25,1809946624.0,no,458.4801197052002
3,2048,8,25,1809946624.0,no,390.93518257141113
4,2048,8,25,1809946624.0,no,468.9781665802002
5,2048,8,25,1809946624.0,no,419.9955463409424
1,2048,8,26,1861330944.0,no,392.5478458404541
2,2048,8,26,1861330944.0,no,456.6175937652588
3,2048,8,26,1861330944.0,no,382.0948600769043
4,2048,8,26,1861330944.0,no,450.70791244506836
5,2048,8,26,1861330944.0,no,381.8962574005127
1,2048,8,27,1912715264.0,no,464.4942283630371
2,2048,8,27,1912715264.0,no,379.8224925994873
3,2048,8,27,1912715264.0,no,391.7253017425537
4,2048,8,27,1912715264.0,no,469.4855213165283
5,2048,8,27,1912715264.0,no,381.17480278015137
1,2048,8,28,1964099584.0,no,469.42782402038574
2,2048,8,28,1964099584.0,no,391.8874263763428
3,2048,8,28,1964099584.0,no,446.4132785797119
4,2048,8,28,1964099584.0,no,376.5287399291992
5,2048,8,28,1964099584.0,no,380.6746006011963
1,2048,8,29,2015483904.0,no,442.5675868988037
2,2048,8,29,2015483904.0,no,379.40454483032227
3,2048,8,29,2015483904.0,no,479.0215492248535
4,2048,8,29,2015483904.0,no,413.7554168701172
5,2048,8,29,2015483904.0,no,467.96584129333496
1,2048,8,30,2066868224.0,no,391.49022102355957
2,2048,8,30,2066868224.0,no,383.58187675476074
3,2048,8,30,2066868224.0,no,458.9712619781494
4,2048,8,30,2066868224.0,no,399.8997211456299
5,2048,8,30,2066868224.0,no,446.25091552734375
1,2048,8,31,2118252544.0,no,374.81689453125
2,2048,8,31,2118252544.0,no,475.3072261810303
3,2048,8,31,2118252544.0,no,382.4892044067383
4,2048,8,31,2118252544.0,no,381.0904026031494
5,2048,8,31,2118252544.0,no,447.2064971923828
1,2048,8,32,2169636864.0,no,379.6863555908203
2,2048,8,32,2169636864.0,no,485.58616638183594
3,2048,8,32,2169636864.0,no,406.9216251373291
4,2048,8,32,2169636864.0,no,536.0996723175049
5,2048,8,32,2169636864.0,no,384.4187259674072
1,4096,8,25,6110261248.0,no,453.38940620422363
2,4096,8,25,,yes,
3,4096,8,25,,yes,
4,4096,8,25,,yes,
5,4096,8,25,,yes,
1,4096,8,26,,yes,
2,4096,8,26,,yes,
3,4096,8,26,,yes,
4,4096,8,26,,yes,
5,4096,8,26,,yes,
1,4096,8,27,,yes,
2,4096,8,27,,yes,
3,4096,8,27,,yes,
4,4096,8,27,,yes,
5,4096,8,27,,yes,
1,4096,8,28,,yes,
2,4096,8,28,,yes,
3,4096,8,28,,yes,
4,4096,8,28,,yes,
5,4096,8,28,,yes,
1,4096,8,29,,yes,
2,4096,8,29,,yes,
3,4096,8,29,,yes,
4,4096,8,29,,yes,
5,4096,8,29,,yes,
1,4096,8,30,,yes,
2,4096,8,30,,yes,
3,4096,8,30,,yes,
4,4096,8,30,,yes,
5,4096,8,30,,yes,
1,4096,8,31,,yes,
2,4096,8,31,,yes,
3,4096,8,31,,yes,
4,4096,8,31,,yes,
5,4096,8,31,,yes,
1,4096,8,32,,yes,
2,4096,8,32,,yes,
3,4096,8,32,,yes,
4,4096,8,32,,yes,
5,4096,8,32,,yes,
1,768,12,25,373987584.0,no,529.8335552215576
2,768,12,25,373987584.0,no,377.0291805267334
3,768,12,25,373987584.0,no,444.0300464630127
4,768,12,25,373987584.0,no,383.6820125579834
5,768,12,25,373987584.0,no,455.57641983032227
1,768,12,26,381067008.0,no,384.55796241760254
2,768,12,26,381067008.0,no,378.5552978515625
3,768,12,26,381067008.0,no,446.8646049499512
4,768,12,26,381067008.0,no,379.83107566833496
5,768,12,26,381067008.0,no,448.9438533782959
1,768,12,27,388146432.0,no,391.6304111480713
2,768,12,27,388146432.0,no,470.1662063598633
3,768,12,27,388146432.0,no,389.7428512573242
4,768,12,27,388146432.0,no,385.26296615600586
5,768,12,27,388146432.0,no,446.9122886657715
1,768,12,28,395225856.0,no,381.7007541656494
2,768,12,28,395225856.0,no,446.83313369750977
3,768,12,28,395225856.0,no,384.8578929901123
4,768,12,28,395225856.0,no,500.2782344818115
5,768,12,28,395225856.0,no,398.87213706970215
1,768,12,29,402305280.0,no,376.88660621643066
2,768,12,29,402305280.0,no,475.33726692199707
3,768,12,29,402305280.0,no,380.659818649292
4,768,12,29,402305280.0,no,466.42017364501953
5,768,12,29,402305280.0,no,388.0906105041504
1,768,12,30,409384704.0,no,452.378511428833
2,768,12,30,409384704.0,no,378.15046310424805
3,768,12,30,409384704.0,no,398.2586860656738
4,768,12,30,409384704.0,no,448.4996795654297
5,768,12,30,409384704.0,no,377.0945072174072
1,768,12,31,416464128.0,no,450.17480850219727
2,768,12,31,416464128.0,no,380.706787109375
3,768,12,31,416464128.0,no,447.9503631591797
4,768,12,31,416464128.0,no,382.55977630615234
5,768,12,31,416464128.0,no,441.3950443267822
1,768,12,32,423543552.0,no,387.0227336883545
2,768,12,32,423543552.0,no,378.44276428222656
3,768,12,32,423543552.0,no,456.815242767334
4,768,12,32,423543552.0,no,386.1217498779297
5,768,12,32,423543552.0,no,460.7851505279541
1,1536,12,25,1101869568.0,no,386.11555099487305
2,1536,12,25,1101869568.0,no,454.42843437194824
3,1536,12,25,1101869568.0,no,385.4804039001465
4,1536,12,25,1101869568.0,no,388.37194442749023
5,1536,12,25,1101869568.0,no,450.44898986816406
1,1536,12,26,1130184192.0,no,378.41248512268066
2,1536,12,26,1130184192.0,no,448.81653785705566
3,1536,12,26,1130184192.0,no,380.40661811828613
4,1536,12,26,1130184192.0,no,451.40910148620605
5,1536,12,26,1130184192.0,no,387.24660873413086
1,1536,12,27,1158498816.0,no,381.6800117492676
2,1536,12,27,1158498816.0,no,448.0786323547363
3,1536,12,27,1158498816.0,no,388.303279876709
4,1536,12,27,1158498816.0,no,458.202600479126
5,1536,12,27,1158498816.0,no,386.7783546447754
1,1536,12,28,1186813440.0,no,457.3216438293457
2,1536,12,28,1186813440.0,no,380.828857421875
3,1536,12,28,1186813440.0,no,377.6354789733887
4,1536,12,28,1186813440.0,no,451.39575004577637
5,1536,12,28,1186813440.0,no,385.6213092803955
1,1536,12,29,1215128064.0,no,450.237512588501
2,1536,12,29,1215128064.0,no,388.4856700897217
3,1536,12,29,1215128064.0,no,451.48396492004395
4,1536,12,29,1215128064.0,no,393.8579559326172
5,1536,12,29,1215128064.0,no,390.1867866516113
1,1536,12,30,1243442688.0,no,462.8908634185791
2,1536,12,30,1243442688.0,no,407.11522102355957
3,1536,12,30,1243442688.0,no,466.77708625793457
4,1536,12,30,1243442688.0,no,386.92617416381836
5,1536,12,30,1243442688.0,no,460.2954387664795
1,1536,12,31,1271757312.0,no,388.26680183410645
2,1536,12,31,1271757312.0,no,453.83453369140625
3,1536,12,31,1271757312.0,no,390.38753509521484
4,1536,12,31,1271757312.0,no,392.37332344055176
5,1536,12,31,1271757312.0,no,453.69935035705566
1,1536,12,32,1300071936.0,no,382.8129768371582
2,1536,12,32,1300071936.0,no,474.9438762664795
3,1536,12,32,1300071936.0,no,378.45802307128906
4,1536,12,32,1300071936.0,no,451.0326385498047
5,1536,12,32,1300071936.0,no,381.12425804138184
1,512,16,25,216557056.0,no,414.3507480621338
2,512,16,25,216557056.0,no,465.1038646697998
3,512,16,25,216557056.0,no,399.22451972961426
4,512,16,25,216557056.0,no,471.4338779449463
5,512,16,25,216557056.0,no,385.4048252105713
1,512,16,26,219965952.0,no,460.6461524963379
2,512,16,26,219965952.0,no,397.8404998779297
3,512,16,26,219965952.0,no,396.53635025024414
4,512,16,26,219965952.0,no,462.71514892578125
5,512,16,26,219965952.0,no,388.6556625366211
1,512,16,27,223374848.0,no,455.0654888153076
2,512,16,27,223374848.0,no,386.6760730743408
3,512,16,27,223374848.0,no,452.3799419403076
4,512,16,27,223374848.0,no,379.2257308959961
5,512,16,27,223374848.0,no,377.180814743042
1,512,16,28,226783744.0,no,450.0572681427002
2,512,16,28,226783744.0,no,380.6579113006592
3,512,16,28,226783744.0,no,449.9554634094238
4,512,16,28,226783744.0,no,381.13999366760254
5,512,16,28,226783744.0,no,455.34658432006836
1,512,16,29,230192640.0,no,380.6130886077881
2,512,16,29,230192640.0,no,398.3912467956543
3,512,16,29,230192640.0,no,473.77920150756836
4,512,16,29,230192640.0,no,403.8975238800049
5,512,16,29,230192640.0,no,470.1194763183594
1,512,16,30,233601536.0,no,390.03872871398926
2,512,16,30,233601536.0,no,461.4834785461426
3,512,16,30,233601536.0,no,393.62597465515137
4,512,16,30,233601536.0,no,447.1144676208496
5,512,16,30,233601536.0,no,394.3355083465576
1,512,16,31,237010432.0,no,382.4961185455322
2,512,16,31,237010432.0,no,458.70113372802734
3,512,16,31,237010432.0,no,388.6756896972656
4,512,16,31,237010432.0,no,450.90198516845703
5,512,16,31,237010432.0,no,383.18896293640137
1,512,16,32,240419328.0,no,457.74149894714355
2,512,16,32,240419328.0,no,384.3986988067627
3,512,16,32,240419328.0,no,390.29479026794434
4,512,16,32,240419328.0,no,465.26122093200684
5,512,16,32,240419328.0,no,393.46766471862793
1,768,16,25,373987584.0,no,453.794002532959
2,768,16,25,373987584.0,no,398.21529388427734
3,768,16,25,373987584.0,no,459.2275619506836
4,768,16,25,373987584.0,no,383.03208351135254
5,768,16,25,373987584.0,no,386.7499828338623
1,768,16,26,381067008.0,no,468.30296516418457
2,768,16,26,381067008.0,no,393.86820793151855
3,768,16,26,381067008.0,no,457.35669136047363
4,768,16,26,381067008.0,no,386.5694999694824
5,768,16,26,381067008.0,no,470.2792167663574
1,768,16,27,388146432.0,no,381.6266059875488
2,768,16,27,388146432.0,no,387.21370697021484
3,768,16,27,388146432.0,no,458.4918022155762
4,768,16,27,388146432.0,no,376.6458034515381
5,768,16,27,388146432.0,no,461.20333671569824
1,768,16,28,395225856.0,no,389.6639347076416
2,768,16,28,395225856.0,no,455.72376251220703
3,768,16,28,395225856.0,no,389.07861709594727
4,768,16,28,395225856.0,no,384.6468925476074
5,768,16,28,395225856.0,no,453.6583423614502
1,768,16,29,402305280.0,no,391.02864265441895
2,768,16,29,402305280.0,no,466.7840003967285
3,768,16,29,402305280.0,no,414.5395755767822
4,768,16,29,402305280.0,no,455.28268814086914
5,768,16,29,402305280.0,no,411.50498390197754
1,768,16,30,409384704.0,no,393.1145668029785
2,768,16,30,409384704.0,no,503.9026737213135
3,768,16,30,409384704.0,no,386.30056381225586
4,768,16,30,409384704.0,no,451.75886154174805
5,768,16,30,409384704.0,no,384.1407299041748
1,768,16,31,416464128.0,no,455.5518627166748
2,768,16,31,416464128.0,no,430.8803081512451
3,768,16,31,416464128.0,no,509.27186012268066
4,768,16,31,416464128.0,no,417.40894317626953
5,768,16,31,416464128.0,no,405.39002418518066
1,768,16,32,423543552.0,no,475.40760040283203
2,768,16,32,423543552.0,no,385.1969242095947
3,768,16,32,423543552.0,no,457.5531482696533
4,768,16,32,423543552.0,no,382.05647468566895
5,768,16,32,423543552.0,no,456.2969207763672
1,1024,16,25,583846912.0,no,379.75263595581055
2,1024,16,25,583846912.0,no,375.26822090148926
3,1024,16,25,583846912.0,no,447.3714828491211
4,1024,16,25,583846912.0,no,387.07518577575684
5,1024,16,25,583846912.0,no,446.5789794921875
1,1024,16,26,596694016.0,no,385.2396011352539
2,1024,16,26,596694016.0,no,450.2911567687988
3,1024,16,26,596694016.0,no,381.61277770996094
4,1024,16,26,596694016.0,no,377.5906562805176
5,1024,16,26,596694016.0,no,448.84753227233887
1,1024,16,27,609541120.0,no,392.52734184265137
2,1024,16,27,609541120.0,no,448.9760398864746
3,1024,16,27,609541120.0,no,382.1449279785156
4,1024,16,27,609541120.0,no,455.6574821472168
5,1024,16,27,609541120.0,no,380.69629669189453
1,1024,16,28,622388224.0,no,382.4946880340576
2,1024,16,28,622388224.0,no,445.87087631225586
3,1024,16,28,622388224.0,no,380.55920600891113
4,1024,16,28,622388224.0,no,448.0764865875244
5,1024,16,28,622388224.0,no,385.9574794769287
1,1024,16,29,635235328.0,no,449.5408535003662
2,1024,16,29,635235328.0,no,382.80415534973145
3,1024,16,29,635235328.0,no,381.87718391418457
4,1024,16,29,635235328.0,no,451.11632347106934
5,1024,16,29,635235328.0,no,384.2623233795166
1,1024,16,30,648082432.0,no,483.97040367126465
2,1024,16,30,648082432.0,no,400.15220642089844
3,1024,16,30,648082432.0,no,469.0818786621094
4,1024,16,30,648082432.0,no,387.29262351989746
5,1024,16,30,648082432.0,no,465.6085968017578
1,1024,16,31,660929536.0,no,401.2773036956787
2,1024,16,31,660929536.0,no,383.8789463043213
3,1024,16,31,660929536.0,no,449.8276710510254
4,1024,16,31,660929536.0,no,383.4795951843262
5,1024,16,31,660929536.0,no,471.79269790649414
1,1024,16,32,673776640.0,no,389.1284465789795
2,1024,16,32,673776640.0,no,455.3205966949463
3,1024,16,32,673776640.0,no,386.0130310058594
4,1024,16,32,673776640.0,no,393.77570152282715
5,1024,16,32,673776640.0,no,454.53667640686035
1,1536,16,25,1101869568.0,no,399.7204303741455
2,1536,16,25,1101869568.0,no,475.76260566711426
3,1536,16,25,1101869568.0,no,456.00247383117676
4,1536,16,25,1101869568.0,no,486.4492416381836
5,1536,16,25,1101869568.0,no,415.7116413116455
1,1536,16,26,1130184192.0,no,397.2952365875244
2,1536,16,26,1130184192.0,no,446.78401947021484
3,1536,16,26,1130184192.0,no,383.03375244140625
4,1536,16,26,1130184192.0,no,452.8803825378418
5,1536,16,26,1130184192.0,no,399.89280700683594
1,1536,16,27,1158498816.0,no,480.269193649292
2,1536,16,27,1158498816.0,no,400.7411003112793
3,1536,16,27,1158498816.0,no,392.28153228759766
4,1536,16,27,1158498816.0,no,459.2862129211426
5,1536,16,27,1158498816.0,no,387.67242431640625
1,1536,16,28,1186813440.0,no,455.97028732299805
2,1536,16,28,1186813440.0,no,393.91255378723145
3,1536,16,28,1186813440.0,no,462.08715438842773
4,1536,16,28,1186813440.0,no,388.746976852417
5,1536,16,28,1186813440.0,no,387.22944259643555
1,1536,16,29,1215128064.0,no,453.74011993408203
2,1536,16,29,1215128064.0,no,388.02385330200195
3,1536,16,29,1215128064.0,no,453.43756675720215
4,1536,16,29,1215128064.0,no,386.16466522216797
5,1536,16,29,1215128064.0,no,452.1207809448242
1,1536,16,30,1243442688.0,no,385.634183883667
2,1536,16,30,1243442688.0,no,446.5341567993164
3,1536,16,30,1243442688.0,no,379.7926902770996
4,1536,16,30,1243442688.0,no,379.4670104980469
5,1536,16,30,1243442688.0,no,447.31831550598145
1,1536,16,31,1271757312.0,no,380.5391788482666
2,1536,16,31,1271757312.0,no,461.00759506225586
3,1536,16,31,1271757312.0,no,387.6321315765381
4,1536,16,31,1271757312.0,no,457.48353004455566
5,1536,16,31,1271757312.0,no,380.5851936340332
1,1536,16,32,1300071936.0,no,382.17830657958984
2,1536,16,32,1300071936.0,no,450.2294063568115
3,1536,16,32,1300071936.0,no,381.64377212524414
4,1536,16,32,1300071936.0,no,451.04217529296875
5,1536,16,32,1300071936.0,no,379.4822692871094
1,2048,16,25,1809946624.0,no,450.2265453338623
2,2048,16,25,1809946624.0,no,379.4083595275879
3,2048,16,25,1809946624.0,no,376.53374671936035
4,2048,16,25,1809946624.0,no,442.507266998291
5,2048,16,25,1809946624.0,no,377.5067329406738
1,2048,16,26,1861330944.0,no,446.0451602935791
2,2048,16,26,1861330944.0,no,377.3777484893799
3,2048,16,26,1861330944.0,no,448.0626583099365
4,2048,16,26,1861330944.0,no,376.6913414001465
5,2048,16,26,1861330944.0,no,377.21824645996094
1,2048,16,27,1912715264.0,no,444.7650909423828
2,2048,16,27,1912715264.0,no,381.5779685974121
3,2048,16,27,1912715264.0,no,470.7224369049072
4,2048,16,27,1912715264.0,no,393.6340808868408
5,2048,16,27,1912715264.0,no,472.1386432647705
1,2048,16,28,1964099584.0,no,400.3887176513672
2,2048,16,28,1964099584.0,no,392.40241050720215
3,2048,16,28,1964099584.0,no,452.603816986084
4,2048,16,28,1964099584.0,no,379.9886703491211
5,2048,16,28,1964099584.0,no,489.93587493896484
1,2048,16,29,2015483904.0,no,422.18899726867676
2,2048,16,29,2015483904.0,no,485.6882095336914
3,2048,16,29,2015483904.0,no,388.3018493652344
4,2048,16,29,2015483904.0,no,380.36155700683594
5,2048,16,29,2015483904.0,no,447.9365348815918
1,2048,16,30,2066868224.0,no,401.4456272125244
2,2048,16,30,2066868224.0,no,456.0551643371582
3,2048,16,30,2066868224.0,no,384.9453926086426
4,2048,16,30,2066868224.0,no,449.41043853759766
5,2048,16,30,2066868224.0,no,390.83385467529297
1,2048,16,31,2118252544.0,no,449.8622417449951
2,2048,16,31,2118252544.0,no,393.27311515808105
3,2048,16,31,2118252544.0,no,383.4376335144043
4,2048,16,31,2118252544.0,no,462.1286392211914
5,2048,16,31,2118252544.0,no,382.71403312683105
1,2048,16,32,2169636864.0,no,467.9234027862549
2,2048,16,32,2169636864.0,no,392.1163082122803
3,2048,16,32,2169636864.0,no,460.13355255126953
4,2048,16,32,2169636864.0,no,387.6311779022217
5,2048,16,32,2169636864.0,no,460.7396125793457
1,4096,16,25,6110261248.0,no,398.1349468231201
2,4096,16,25,,yes,
3,4096,16,25,,yes,
4,4096,16,25,,yes,
5,4096,16,25,,yes,
1,4096,16,26,,yes,
2,4096,16,26,,yes,
3,4096,16,26,,yes,
4,4096,16,26,,yes,
5,4096,16,26,,yes,
1,4096,16,27,,yes,
2,4096,16,27,,yes,
3,4096,16,27,,yes,
4,4096,16,27,,yes,
5,4096,16,27,,yes,
1,4096,16,28,,yes,
2,4096,16,28,,yes,
3,4096,16,28,,yes,
4,4096,16,28,,yes,
5,4096,16,28,,yes,
1,4096,16,29,,yes,
2,4096,16,29,,yes,
3,4096,16,29,,yes,
4,4096,16,29,,yes,
5,4096,16,29,,yes,
1,4096,16,30,,yes,
2,4096,16,30,,yes,
3,4096,16,30,,yes,
4,4096,16,30,,yes,
5,4096,16,30,,yes,
1,4096,16,31,,yes,
2,4096,16,31,,yes,
3,4096,16,31,,yes,
4,4096,16,31,,yes,
5,4096,16,31,,yes,
1,4096,16,32,,yes,
2,4096,16,32,,yes,
3,4096,16,32,,yes,
4,4096,16,32,,yes,
5,4096,16,32,,yes,
1,768,24,25,373987584.0,no,389.8460865020752
2,768,24,25,373987584.0,no,377.12717056274414
3,768,24,25,373987584.0,no,458.01329612731934
4,768,24,25,373987584.0,no,389.34803009033203
5,768,24,25,373987584.0,no,455.4636478424072
1,768,24,26,381067008.0,no,380.373477935791
2,768,24,26,381067008.0,no,446.1371898651123
3,768,24,26,381067008.0,no,390.211820602417
4,768,24,26,381067008.0,no,382.8392028808594
5,768,24,26,381067008.0,no,454.0226459503174
1,768,24,27,388146432.0,no,388.3817195892334
2,768,24,27,388146432.0,no,458.9104652404785
3,768,24,27,388146432.0,no,389.0984058380127
4,768,24,27,388146432.0,no,457.0281505584717
5,768,24,27,388146432.0,no,384.34910774230957
1,768,24,28,395225856.0,no,380.6948661804199
2,768,24,28,395225856.0,no,455.6584358215332
3,768,24,28,395225856.0,no,382.091760635376
4,768,24,28,395225856.0,no,455.33204078674316
5,768,24,28,395225856.0,no,393.8636779785156
1,768,24,29,402305280.0,no,460.8769416809082
2,768,24,29,402305280.0,no,397.4113464355469
3,768,24,29,402305280.0,no,386.6403102874756
4,768,24,29,402305280.0,no,457.08632469177246
5,768,24,29,402305280.0,no,389.41216468811035
1,768,24,30,409384704.0,no,464.51401710510254
2,768,24,30,409384704.0,no,396.6796398162842
3,768,24,30,409384704.0,no,457.23843574523926
4,768,24,30,409384704.0,no,385.12706756591797
5,768,24,30,409384704.0,no,393.1920528411865
1,768,24,31,416464128.0,no,466.93944931030273
2,768,24,31,416464128.0,no,396.6505527496338
3,768,24,31,416464128.0,no,457.0345878601074
4,768,24,31,416464128.0,no,385.64324378967285
5,768,24,31,416464128.0,no,460.1881504058838
1,768,24,32,423543552.0,no,395.80273628234863
2,768,24,32,423543552.0,no,461.8387222290039
3,768,24,32,423543552.0,no,386.57522201538086
4,768,24,32,423543552.0,no,399.77526664733887
5,768,24,32,423543552.0,no,458.1453800201416
1,1536,24,25,1101869568.0,no,376.8506050109863
2,1536,24,25,1101869568.0,no,444.9777603149414
3,1536,24,25,1101869568.0,no,379.7187805175781
4,1536,24,25,1101869568.0,no,450.85811614990234
5,1536,24,25,1101869568.0,no,382.9636573791504
1,1536,24,26,1130184192.0,no,382.2019100189209
2,1536,24,26,1130184192.0,no,447.8189945220947
3,1536,24,26,1130184192.0,no,376.784086227417
4,1536,24,26,1130184192.0,no,450.17528533935547
5,1536,24,26,1130184192.0,no,378.4193992614746
1,1536,24,27,1158498816.0,no,448.24719429016113
2,1536,24,27,1158498816.0,no,385.5316638946533
3,1536,24,27,1158498816.0,no,387.5579833984375
4,1536,24,27,1158498816.0,no,449.23949241638184
5,1536,24,27,1158498816.0,no,388.1049156188965
1,1536,24,28,1186813440.0,no,454.1487693786621
2,1536,24,28,1186813440.0,no,380.66816329956055
3,1536,24,28,1186813440.0,no,448.79913330078125
4,1536,24,28,1186813440.0,no,393.53346824645996
5,1536,24,28,1186813440.0,no,388.2110118865967
1,1536,24,29,1215128064.0,no,458.8770866394043
2,1536,24,29,1215128064.0,no,392.9636478424072
3,1536,24,29,1215128064.0,no,459.2268466949463
4,1536,24,29,1215128064.0,no,383.1171989440918
5,1536,24,29,1215128064.0,no,457.674503326416
1,1536,24,30,1243442688.0,no,386.90829277038574
2,1536,24,30,1243442688.0,no,388.3943557739258
3,1536,24,30,1243442688.0,no,459.5210552215576
4,1536,24,30,1243442688.0,no,393.24378967285156
5,1536,24,30,1243442688.0,no,456.65574073791504
1,1536,24,31,1271757312.0,no,391.82281494140625
2,1536,24,31,1271757312.0,no,453.5105228424072
3,1536,24,31,1271757312.0,no,389.24598693847656
4,1536,24,31,1271757312.0,no,453.02486419677734
5,1536,24,31,1271757312.0,no,385.1490020751953
1,1536,24,32,1300071936.0,no,386.3954544067383
2,1536,24,32,1300071936.0,no,451.6935348510742
3,1536,24,32,1300071936.0,no,383.4061622619629
4,1536,24,32,1300071936.0,no,451.04289054870605
5,1536,24,32,1300071936.0,no,386.821985244751
1,512,32,25,216557056.0,no,597.8903770446777
2,512,32,25,216557056.0,no,391.1256790161133
3,512,32,25,216557056.0,no,387.08972930908203
4,512,32,25,216557056.0,no,450.84214210510254
5,512,32,25,216557056.0,no,388.5788917541504
1,512,32,26,219965952.0,no,462.4507427215576
2,512,32,26,219965952.0,no,394.32239532470703
3,512,32,26,219965952.0,no,464.6463394165039
4,512,32,26,219965952.0,no,394.9306011199951
5,512,32,26,219965952.0,no,393.9812183380127
1,512,32,27,223374848.0,no,463.8216495513916
2,512,32,27,223374848.0,no,394.66333389282227
3,512,32,27,223374848.0,no,460.3438377380371
4,512,32,27,223374848.0,no,411.12494468688965
5,512,32,27,223374848.0,no,458.19830894470215
1,512,32,28,226783744.0,no,409.96265411376953
2,512,32,28,226783744.0,no,390.14720916748047
3,512,32,28,226783744.0,no,467.64659881591797
4,512,32,28,226783744.0,no,386.3499164581299
5,512,32,28,226783744.0,no,453.0799388885498
1,512,32,29,230192640.0,no,389.46008682250977
2,512,32,29,230192640.0,no,463.40131759643555
3,512,32,29,230192640.0,no,392.9746150970459
4,512,32,29,230192640.0,no,387.6779079437256
5,512,32,29,230192640.0,no,455.7175636291504
1,512,32,30,233601536.0,no,382.7953338623047
2,512,32,30,233601536.0,no,451.65061950683594
3,512,32,30,233601536.0,no,396.4664936065674
4,512,32,30,233601536.0,no,455.2304744720459
5,512,32,30,233601536.0,no,395.1294422149658
1,512,32,31,237010432.0,no,480.68928718566895
2,512,32,31,237010432.0,no,407.47666358947754
3,512,32,31,237010432.0,no,403.99932861328125
4,512,32,31,237010432.0,no,462.6638889312744
5,512,32,31,237010432.0,no,391.7818069458008
1,512,32,32,240419328.0,no,464.796781539917
2,512,32,32,240419328.0,no,394.4733142852783
3,512,32,32,240419328.0,no,454.64372634887695
4,512,32,32,240419328.0,no,390.51294326782227
5,512,32,32,240419328.0,no,388.2791996002197
1,768,32,25,373987584.0,no,450.620174407959
2,768,32,25,373987584.0,no,382.2946548461914
3,768,32,25,373987584.0,no,468.95527839660645
4,768,32,25,373987584.0,no,393.0521011352539
5,768,32,25,373987584.0,no,457.05676078796387
1,768,32,26,381067008.0,no,393.2311534881592
2,768,32,26,381067008.0,no,387.9549503326416
3,768,32,26,381067008.0,no,464.8258686065674
4,768,32,26,381067008.0,no,388.0901336669922
5,768,32,26,381067008.0,no,464.59317207336426
1,768,32,27,388146432.0,no,403.139591217041
2,768,32,27,388146432.0,no,456.7866325378418
3,768,32,27,388146432.0,no,394.35863494873047
4,768,32,27,388146432.0,no,390.49386978149414
5,768,32,27,388146432.0,no,464.30373191833496
1,768,32,28,395225856.0,no,387.23301887512207
2,768,32,28,395225856.0,no,459.428071975708
3,768,32,28,395225856.0,no,393.62478256225586
4,768,32,28,395225856.0,no,454.6928405761719
5,768,32,28,395225856.0,no,389.61195945739746
1,768,32,29,402305280.0,no,388.19050788879395
2,768,32,29,402305280.0,no,460.0510597229004
3,768,32,29,402305280.0,no,387.13526725769043
4,768,32,29,402305280.0,no,465.78145027160645
5,768,32,29,402305280.0,no,385.7228755950928
1,768,32,30,409384704.0,no,459.1951370239258
2,768,32,30,409384704.0,no,391.8795585632324
3,768,32,30,409384704.0,no,383.73398780822754
4,768,32,30,409384704.0,no,457.8402042388916
5,768,32,30,409384704.0,no,387.1338367462158
1,768,32,31,416464128.0,no,462.51964569091797
2,768,32,31,416464128.0,no,395.3690528869629
3,768,32,31,416464128.0,no,465.9430980682373
4,768,32,31,416464128.0,no,392.90690422058105
5,768,32,31,416464128.0,no,470.7489013671875
1,768,32,32,423543552.0,no,394.84167098999023
2,768,32,32,423543552.0,no,390.38944244384766
3,768,32,32,423543552.0,no,478.54137420654297
4,768,32,32,423543552.0,no,396.0986137390137
5,768,32,32,423543552.0,no,471.99106216430664
1,1024,32,25,583846912.0,no,393.59235763549805
2,1024,32,25,583846912.0,no,457.4465751647949
3,1024,32,25,583846912.0,no,386.34324073791504
4,1024,32,25,583846912.0,no,384.2775821685791
5,1024,32,25,583846912.0,no,455.07359504699707
1,1024,32,26,596694016.0,no,385.04481315612793
2,1024,32,26,596694016.0,no,453.09996604919434
3,1024,32,26,596694016.0,no,384.87815856933594
4,1024,32,26,596694016.0,no,463.775634765625
5,1024,32,26,596694016.0,no,390.9478187561035
1,1024,32,27,609541120.0,no,390.97046852111816
2,1024,32,27,609541120.0,no,459.05423164367676
3,1024,32,27,609541120.0,no,392.37141609191895
4,1024,32,27,609541120.0,no,474.0612506866455
5,1024,32,27,609541120.0,no,386.2123489379883
1,1024,32,28,622388224.0,no,459.3818187713623
2,1024,32,28,622388224.0,no,388.3216381072998
3,1024,32,28,622388224.0,no,384.4716548919678
4,1024,32,28,622388224.0,no,459.3486785888672
5,1024,32,28,622388224.0,no,384.4630718231201
1,1024,32,29,635235328.0,no,455.89590072631836
2,1024,32,29,635235328.0,no,389.33563232421875
3,1024,32,29,635235328.0,no,460.2010250091553
4,1024,32,29,635235328.0,no,387.10546493530273
5,1024,32,29,635235328.0,no,383.03565979003906
1,1024,32,30,648082432.0,no,459.02132987976074
2,1024,32,30,648082432.0,no,387.8600597381592
3,1024,32,30,648082432.0,no,455.05642890930176
4,1024,32,30,648082432.0,no,391.42894744873047
5,1024,32,30,648082432.0,no,464.2946720123291
1,1024,32,31,660929536.0,no,389.7819519042969
2,1024,32,31,660929536.0,no,455.7216167449951
3,1024,32,31,660929536.0,no,390.97094535827637
4,1024,32,31,660929536.0,no,383.251428604126
5,1024,32,31,660929536.0,no,453.05776596069336
1,1024,32,32,673776640.0,no,388.2567882537842
2,1024,32,32,673776640.0,no,458.41026306152344
3,1024,32,32,673776640.0,no,386.45029067993164
4,1024,32,32,673776640.0,no,456.00247383117676
5,1024,32,32,673776640.0,no,387.1638774871826
1,1536,32,25,1101869568.0,no,403.2902717590332
2,1536,32,25,1101869568.0,no,481.24170303344727
3,1536,32,25,1101869568.0,no,395.8561420440674
4,1536,32,25,1101869568.0,no,490.11707305908203
5,1536,32,25,1101869568.0,no,392.1217918395996
1,1536,32,26,1130184192.0,no,463.503360748291
2,1536,32,26,1130184192.0,no,389.97435569763184
3,1536,32,26,1130184192.0,no,389.3616199493408
4,1536,32,26,1130184192.0,no,465.3947353363037
5,1536,32,26,1130184192.0,no,396.1224555969238
1,1536,32,27,1158498816.0,no,469.91896629333496
2,1536,32,27,1158498816.0,no,404.9410820007324
3,1536,32,27,1158498816.0,no,462.5275135040283
4,1536,32,27,1158498816.0,no,389.3706798553467
5,1536,32,27,1158498816.0,no,392.64512062072754
1,1536,32,28,1186813440.0,no,459.3541622161865
2,1536,32,28,1186813440.0,no,392.75050163269043
3,1536,32,28,1186813440.0,no,474.0269184112549
4,1536,32,28,1186813440.0,no,398.7548351287842
5,1536,32,28,1186813440.0,no,468.8749313354492
1,1536,32,29,1215128064.0,no,394.1347599029541
2,1536,32,29,1215128064.0,no,389.9364471435547
3,1536,32,29,1215128064.0,no,458.09173583984375
4,1536,32,29,1215128064.0,no,394.78158950805664
5,1536,32,29,1215128064.0,no,461.84444427490234
1,1536,32,30,1243442688.0,no,399.6405601501465
2,1536,32,30,1243442688.0,no,457.80324935913086
3,1536,32,30,1243442688.0,no,396.00324630737305
4,1536,32,30,1243442688.0,no,470.15881538391113
5,1536,32,30,1243442688.0,no,386.4471912384033
1,1536,32,31,1271757312.0,no,388.25058937072754
2,1536,32,31,1271757312.0,no,464.5123481750488
3,1536,32,31,1271757312.0,no,387.5133991241455
4,1536,32,31,1271757312.0,no,468.2481288909912
5,1536,32,31,1271757312.0,no,400.4340171813965
1,1536,32,32,1300071936.0,no,460.7975482940674
2,1536,32,32,1300071936.0,no,408.0688953399658
3,1536,32,32,1300071936.0,no,391.83640480041504
4,1536,32,32,1300071936.0,no,456.3429355621338
5,1536,32,32,1300071936.0,no,395.44153213500977
1,2048,32,25,1809946624.0,no,462.82362937927246
2,2048,32,25,1809946624.0,no,392.87853240966797
3,2048,32,25,1809946624.0,no,461.12060546875
4,2048,32,25,1809946624.0,no,392.5321102142334
5,2048,32,25,1809946624.0,no,390.2738094329834
1,2048,32,26,1861330944.0,no,449.9838352203369
2,2048,32,26,1861330944.0,no,383.74805450439453
3,2048,32,26,1861330944.0,no,456.9287300109863
4,2048,32,26,1861330944.0,no,385.68663597106934
5,2048,32,26,1861330944.0,no,458.35232734680176
1,2048,32,27,1912715264.0,no,382.40814208984375
2,2048,32,27,1912715264.0,no,384.13524627685547
3,2048,32,27,1912715264.0,no,462.7852439880371
4,2048,32,27,1912715264.0,no,397.3357677459717
5,2048,32,27,1912715264.0,no,458.97817611694336
1,2048,32,28,1964099584.0,no,388.11230659484863
2,2048,32,28,1964099584.0,no,456.54940605163574
3,2048,32,28,1964099584.0,no,389.240026473999
4,2048,32,28,1964099584.0,no,388.6256217956543
5,2048,32,28,1964099584.0,no,454.67567443847656
1,2048,32,29,2015483904.0,no,381.9727897644043
2,2048,32,29,2015483904.0,no,453.5346031188965
3,2048,32,29,2015483904.0,no,387.6802921295166
4,2048,32,29,2015483904.0,no,463.38891983032227
5,2048,32,29,2015483904.0,no,390.1329040527344
1,2048,32,30,2066868224.0,no,389.8029327392578
2,2048,32,30,2066868224.0,no,451.2906074523926
3,2048,32,30,2066868224.0,no,385.6627941131592
4,2048,32,30,2066868224.0,no,460.47091484069824
5,2048,32,30,2066868224.0,no,397.5367546081543
1,2048,32,31,2118252544.0,no,478.47580909729004
2,2048,32,31,2118252544.0,no,396.4509963989258
3,2048,32,31,2118252544.0,no,450.3936767578125
4,2048,32,31,2118252544.0,no,391.65306091308594
5,2048,32,31,2118252544.0,no,389.1754150390625
1,2048,32,32,2169636864.0,no,458.5092067718506
2,2048,32,32,2169636864.0,no,392.03500747680664
3,2048,32,32,2169636864.0,no,457.7770233154297
4,2048,32,32,2169636864.0,no,386.1703872680664
5,2048,32,32,2169636864.0,no,461.5328311920166
1,4096,32,25,6110261248.0,no,394.98138427734375
2,4096,32,25,,yes,
3,4096,32,25,,yes,
4,4096,32,25,,yes,
5,4096,32,25,,yes,
1,4096,32,26,,yes,
2,4096,32,26,,yes,
3,4096,32,26,,yes,
4,4096,32,26,,yes,
5,4096,32,26,,yes,
1,4096,32,27,,yes,
2,4096,32,27,,yes,
3,4096,32,27,,yes,
4,4096,32,27,,yes,
5,4096,32,27,,yes,
1,4096,32,28,,yes,
2,4096,32,28,,yes,
3,4096,32,28,,yes,
4,4096,32,28,,yes,
5,4096,32,28,,yes,
1,4096,32,29,,yes,
2,4096,32,29,,yes,
3,4096,32,29,,yes,
4,4096,32,29,,yes,
5,4096,32,29,,yes,
1,4096,32,30,,yes,
2,4096,32,30,,yes,
3,4096,32,30,,yes,
4,4096,32,30,,yes,
5,4096,32,30,,yes,
1,4096,32,31,,yes,
2,4096,32,31,,yes,
3,4096,32,31,,yes,
4,4096,32,31,,yes,
5,4096,32,31,,yes,
1,4096,32,32,,yes,
2,4096,32,32,,yes,
3,4096,32,32,,yes,
4,4096,32,32,,yes,
5,4096,32,32,,yes,
